Name,M,Runs,Avg,SR,100,50,4s,6s,Wkts,Econ,5W,10W,Type,Image,Score_x,Score_y,Score
Rohit Sharma,227,5879,30.3,129.89,1,40,519,240,15,8.02,0,0,Batsman,https://www.cricbuzz.com/a/img/v1/152x152/i1/c244982/rohit-sharma.jpg,8980.0,5972.0,95.95710455764075
Virat Kohli,223,6624,36.2,129.15,5,44,578,218,4,8.8,0,0,Batsman,https://www.cricbuzz.com/a/img/v1/152x152/i1/c244980/virat-kohli.jpg,9709.0,5754.0,100.0
Shikhar Dhawan,206,6243,34.88,126.33,2,47,701,136,4,8.25,0,0,Batsman,https://www.cricbuzz.com/a/img/v1/152x152/i1/c170660/shikhar-dhawan.jpg,9358.0,2718.0,81.21179624664879
Surya Kumar Yadav,123,2644,30.05,136.78,0,16,284,84,0,8.0,0,0,Batsman,https://www.cricbuzz.com/a/img/v1/152x152/i1/c244979/suryakumar-yadav.jpg,4129.0,2676.0,43.603217158176946
Ambati Rayudu,188,4190,28.9,127.12,1,22,349,164,0,0.0,0,0,Batsman,https://www.cricbuzz.com/a/img/v1/152x152/i1/c171012/ambati-rayudu.jpg,6335.0,52.0,45.3047363717605
David Warner,162,5881,42.01,140.69,4,55,578,215,0,0.0,0,0,Batsman,https://www.cricbuzz.com/a/img/v1/152x152/i1/c244788/david-warner.jpg,8858.0,4453.0,86.94012511170688
Shreyas Iyer,101,2776,31.55,125.38,0,19,237,99,0,7.0,0,0,Batsman,https://www.cricbuzz.com/a/img/v1/152x152/i1/c171024/shreyas-iyer.jpg,4133.0,1570.0,37.70151921358356
Liam Livingstone,23,549,27.45,166.87,0,4,38,40,6,8.96,0,0,Batsman,https://www.cricbuzz.com/a/img/v1/152x152/i1/c244797/liam-livingstone.jpg,916.0,658.0,9.812332439678285
Prithvi Shaw,63,1588,25.21,147.45,0,12,192,55,0,0.0,0,0,Batsman,https://www.cricbuzz.com/a/img/v1/152x152/i1/c171030/prithvi-shaw.jpg,2571.0,-30.0,17.95531724754245
Shubman Gill,74,1900,32.2,125.25,0,14,188,47,0,0.0,0,0,Batsman,https://www.cricbuzz.com/a/img/v1/152x152/i1/c171042/shubman-gill.jpg,2799.0,333.0,21.53172475424486
Nitish Rana,91,2181,27.96,134.22,0,15,190,111,7,8.36,0,0,Batsman,https://www.cricbuzz.com/a/img/v1/152x152/i1/c171047/nitish-rana.jpg,3462.0,-5.0,24.45933869526363
Faf Du Plessis,116,3403,34.37,130.58,0,25,314,109,0,16.0,0,0,Batsman,https://www.cricbuzz.com/a/img/v1/152x152/i1/c170639/faf-du-plessis.jpg,5068.0,2273.0,48.155495978552274
David Miller,105,2455,36.64,137.69,1,12,169,113,0,0.0,0,0,Batsman,https://www.cricbuzz.com/a/img/v1/152x152/i1/c244759/david-miller.jpg,3674.0,3236.0,43.35299374441466
Kane Williamson,76,2101,36.22,126.03,0,18,181,64,0,10.33,0,0,Batsman,https://www.cricbuzz.com/a/img/v1/152x152/i1/c244826/kane-williamson.jpg,3034.0,3561.0,40.520107238605895
Rilee Rossouw,5,53,10.6,103.92,0,0,3,3,0,0.0,0,0,Batsman,https://www.cricbuzz.com/a/img/v1/152x152/i1/c244768/rilee-rossouw.jpg,83.0,1096.0,6.205540661304736
Shimron Hetmyer,46,831,30.78,152.2,0,3,55,52,0,0.0,0,0,Batsman,https://www.cricbuzz.com/a/img/v1/152x152/i1/c171232/shimron-hetmyer.jpg,1348.0,1220.0,15.914209115281503
Rahul Tripathi,76,1798,27.66,140.8,0,10,176,68,0,12.0,0,0,Batsman,https://www.cricbuzz.com/a/img/v1/152x152/i1/c226470/rahul-tripathi.jpg,2815.0,171.0,20.777479892761395
Devdutt Padikkal,46,1260,28.0,124.38,1,7,135,36,0,0.0,0,0,Batsman,https://www.cricbuzz.com/a/img/v1/152x152/i1/c195763/devdutt-padikkal.jpg,1931.0,52.0,13.819481680071494
Ruturaj Gaikwad,36,1207,37.72,130.35,1,10,113,43,0,0.0,0,0,Batsman,https://www.cricbuzz.com/a/img/v1/152x152/i1/c226277/ruturaj-gaikwad.jpg,1802.0,207.0,13.728328865058087
Yashaswi Jaiswal,23,547,23.78,134.73,0,3,62,22,0,0.0,0,0,Batsman,https://www.cricbuzz.com/a/img/v1/152x152/i1/c226279/yashasvi-jaiswal.jpg,902.0,0.0,6.184092940125112
Abdul Samad,25,226,14.12,142.14,0,0,12,14,2,12.56,0,0,Batsman,https://www.cricbuzz.com/a/img/v1/152x152/i1/c226276/abdul-samad.jpg,358.0,0.0,2.2949061662198393
Riyan Parag,47,522,16.84,124.88,0,2,40,22,4,10.7,0,0,Batsman,https://www.cricbuzz.com/a/img/v1/152x152/i1/c156160/riyan-parag.jpg,794.0,0.0,5.411974977658623
Rovman Powell,14,250,25.0,149.7,0,1,10,22,0,17.0,0,0,Batsman,https://www.cricbuzz.com/a/img/v1/152x152/i1/c244832/rovman-powell.jpg,417.0,1377.0,10.100089365504914
Aiden Markram,20,527,40.54,134.1,0,3,37,23,1,8.7,0,0,Batsman,https://www.cricbuzz.com/a/img/v1/152x152/i1/c244757/aiden-markram.jpg,788.0,1320.0,12.446827524575514
Tilak Varma,14,397,36.09,131.02,0,2,29,16,0,6.5,0,0,Batsman,https://www.cricbuzz.com/a/img/v1/152x152/i1/c226525/tilak-varma.jpg,594.0,0.0,3.982126899016979
Mayank Agarwal,113,2331,22.63,134.51,1,12,227,91,0,0.0,0,0,Batsman,https://www.cricbuzz.com/a/img/v1/152x152/i1/c171091/mayank-agarwal.jpg,3650.0,0.0,25.830205540661304
Manish Pandey,160,3648,29.9,121.52,1,21,317,105,0,0.0,0,0,Batsman,https://www.cricbuzz.com/a/img/v1/152x152/i1/c171022/manish-pandey.jpg,5321.0,994.0,43.10634495084897
Rinku Singh,17,251,20.92,130.05,0,0,23,9,0,0.0,0,0,Batsman,https://www.cricbuzz.com/a/img/v1/152x152/i1/c187877/rinku-singh.jpg,402.0,0.0,2.609472743521001
Ajinkya Rahane,158,4074,30.86,120.68,2,28,431,80,1,5.0,0,0,Batsman,https://www.cricbuzz.com/a/img/v1/152x152/i1/c171082/ajinkya-rahane.jpg,5963.0,534.0,45.22966934763181
Mandeep Singh,108,1692,21.42,123.32,0,6,176,37,0,13.0,0,0,Batsman,https://www.cricbuzz.com/a/img/v1/152x152/i1/c171093/mandeep-singh.jpg,2563.0,132.0,18.766756032171582
Rajat Patidar,12,404,40.4,144.29,1,2,30,21,0,0.0,0,0,Batsman,https://www.cricbuzz.com/a/img/v1/152x152/i1/c234983/rajat-patidar.jpg,615.0,0.0,4.132260947274352
Anmolpreet Singh,3,29,9.67,107.41,0,0,3,1,0,0.0,0,0,Batsman,https://www.cricbuzz.com/a/img/v1/152x152/i1/c179867/anmolpreet-singh.jpg,37.0,0.0,0.0
Sarfaraz Khan,46,532,24.18,137.82,0,1,59,13,0,0.0,0,0,Batsman,https://www.cricbuzz.com/a/img/v1/152x152/i1/c153421/sarfaraz-khan.jpg,841.0,0.0,5.7479892761394105
Manan Vohra,55,1073,22.35,131.17,0,3,103,43,0,0.0,0,0,Batsman,https://www.cricbuzz.com/a/img/v1/152x152/i1/c226514/manan-vohra.jpg,1718.0,0.0,12.01787310098302
Sai Sudharsan,5,145,36.25,127.19,0,1,14,3,0,0.0,0,0,Batsman,https://www.cricbuzz.com/a/img/v1/152x152/i1/c182026/sai-sudharsan.jpg,214.0,0.0,1.2654155495978552
Ramandeep Singh,5,45,22.5,112.5,0,0,3,1,6,9.0,0,0,Batsman,https://www.cricbuzz.com/a/img/v1/152x152/i1/c182026/ramandeep-singh.jpg,68.0,0.0,0.22162645218945487
Mohammad Shami,93,69,6.27,94.52,0,0,5,2,99,8.52,0,0,Bowler,https://www.cricbuzz.com/a/img/v1/152x152/i1/c244977/mohammed-shami.jpg,2000.0,500.0,49.92050874403816
Sunil Narine,148,1025,14.86,162.7,0,4,112,63,152,6.63,1,0,Bowler,https://www.cricbuzz.com/a/img/v1/152x152/i1/c152654/sunil-narine.jpg,3070.0,1060.0,81.50503444621093
Bhuvneshwar Kumar,146,241,8.31,96.4,0,0,23,3,154,7.3,1,0,Bowler,https://www.cricbuzz.com/a/img/v1/152x152/i1/c244967/bhuvneshwar-kumar.jpg,3110.0,1850.0,94.91255961844197
Trent Boult,78,53,10.6,110.42,0,0,2,2,92,8.3,0,0,Bowler,https://www.cricbuzz.com/a/img/v1/152x152/i1/c244829/trent-boult.jpg,1850.0,1500.0,62.63910969793323
Yuzvendra Chahal,131,37,5.29,43.02,0,0,0,0,166,7.61,1,0,Bowler,https://www.cricbuzz.com/a/img/v1/152x152/i1/c244981/yuzvendra-chahal.jpg,3350.0,1850.0,100.0
Kuldeep Yadav,59,105,15.0,82.68,0,0,8,2,61,8.32,0,0,Bowler,https://www.cricbuzz.com/a/img/v1/152x152/i1/c170683/kuldeep-yadav.jpg,1230.0,940.0,40.593534711181775
Umesh Yadav,133,177,9.83,105.36,0,0,15,8,135,8.37,0,0,Bowler,https://www.cricbuzz.com/a/img/v1/152x152/i1/c153874/umesh-yadav.jpg,2720.0,240.0,61.04928457869634
Deepak Chahar,63,79,11.29,138.6,0,0,2,6,59,7.8,0,0,Bowler,https://www.cricbuzz.com/a/img/v1/152x152/i1/c226392/deepak-chahar.jpg,1190.0,580.0,34.02225755166931
Varun Chakaravarthy,42,24,8.0,64.86,0,0,2,0,42,7.23,1,0,Bowler,https://www.cricbuzz.com/a/img/v1/152x152/i1/c226220/varun-chakaravarthy.jpg,870.0,70.0,19.130895601483836
Jasprit Bumrah,120,56,8.0,84.85,0,0,4,1,145,7.4,1,0,Bowler,https://www.cricbuzz.com/a/img/v1/152x152/i1/c170685/jasprit-bumrah.jpg,2930.0,1430.0,84.41971383147853
Shardul Thakur,75,173,10.81,129.1,0,0,12,8,82,9.06,0,0,Bowler,https://www.cricbuzz.com/a/img/v1/152x152/i1/c226224/shardul-thakur.jpg,1650.0,660.0,45.04504504504504
Harshal Patel,78,230,10.45,129.21,0,0,15,13,97,8.4,1,0,Bowler,https://www.cricbuzz.com/a/img/v1/152x152/i1/c244974/harshal-patel.jpg,1960.0,590.0,50.503444621091674
Lockie Ferguson,35,67,33.5,148.89,0,0,6,2,36,8.43,0,0,Bowler,https://www.cricbuzz.com/a/img/v1/152x152/i1/c244820/lockie-ferguson.jpg,710.0,890.0,28.7758346581876
Avesh Khan,38,31,15.5,163.16,0,0,2,3,47,8.4,0,0,Bowler,https://www.cricbuzz.com/a/img/v1/152x152/i1/c226438/avesh-khan.jpg,950.0,270.0,24.006359300476948
Prasidh Krishna,51,9,3.0,37.5,0,0,0,0,49,8.92,0,0,Bowler,https://www.cricbuzz.com/a/img/v1/152x152/i1/c167341/prasidh-krishna.jpg,1000.0,0.0,20.773714891361948
Kagiso Rabada,63,186,12.4,105.08,0,0,16,6,99,8.26,0,0,Bowler,https://www.cricbuzz.com/a/img/v1/152x152/i1/c244765/kagiso-rabada.jpg,1990.0,1120.0,59.56544780074192
Mohammed Siraj,65,96,13.71,88.07,0,0,10,2,59,8.78,0,0,Bowler,https://www.cricbuzz.com/a/img/v1/152x152/i1/c171039/mohammed-siraj.jpg,1190.0,240.0,28.61685214626391
Adil Rashid,1,0,0.0,0.0,0,0,0,0,0,11.67,0,0,Bowler,https://www.cricbuzz.com/a/img/v1/152x152/i1/c244789/adil-rashid.jpg,10.0,1880.0,29.676735559088502
Jhye Richardson,3,15,7.5,62.5,0,0,2,0,3,10.64,0,0,Bowler,https://www.cricbuzz.com/a/img/v1/152x152/i1/c156047/jhye-richardson.jpg,70.0,390.0,7.260201377848436
Adam Zampa,14,5,2.5,62.5,0,0,1,0,21,7.74,1,0,Bowler,https://www.cricbuzz.com/a/img/v1/152x152/i1/c244782/adam-zampa.jpg,450.0,1680.0,35.824059353471114
Jofra Archer,35,195,15.0,157.26,0,0,11,14,46,7.13,0,0,Bowler,https://www.cricbuzz.com/a/img/v1/152x152/i1/c170970/jofra-archer.jpg,930.0,290.0,23.90037095919449
Josh Hazlewood,24,18,0.0,69.23,0,0,1,0,32,8.02,0,0,Bowler,https://www.cricbuzz.com/a/img/v1/152x152/i1/c244790/josh-hazlewood.jpg,660.0,1170.0,32.167461579226284
Mark Wood,1,1,1.0,33.33,0,0,0,0,0,12.25,0,0,Bowler,https://www.cricbuzz.com/a/img/v1/152x152/i1/c244802/mark-wood.jpg,10.0,900.0,14.096449390567036
Anrich Nortje,30,8,8.0,66.67,0,0,0,0,43,8.06,0,0,Bowler,https://www.cricbuzz.com/a/img/v1/152x152/i1/c244754/anrich-nortje.jpg,880.0,720.0,29.676735559088502
Rahul Chahar,55,108,8.31,108.0,0,0,10,4,57,7.51,0,0,Bowler,https://www.cricbuzz.com/a/img/v1/152x152/i1/c226225/rahul-chahar.jpg,1160.0,160.0,26.70906200317965
Chetan Sakariya,17,16,3.2,64.0,0,0,2,0,17,8.1,0,0,Bowler,https://www.cricbuzz.com/a/img/v1/152x152/i1/c169708/chetan-sakariya.jpg,360.0,40.0,7.8431372549019605
Ravi Bishnoi,37,8,4.0,47.06,0,0,1,0,37,7.53,0,0,Bowler,https://www.cricbuzz.com/a/img/v1/152x152/i1/c226280/ravi-bishnoi.jpg,760.0,330.0,20.932697403285637
Arshdeep Singh,37,23,5.75,65.71,0,0,3,0,40,8.35,1,0,Bowler,https://www.cricbuzz.com/a/img/v1/152x152/i1/c244971/arshdeep-singh.jpg,830.0,840.0,30.52464228934817
Kartik Tyagi,16,13,3.25,81.25,0,0,1,0,14,9.47,0,0,Bowler,https://www.cricbuzz.com/a/img/v1/152x152/i1/c226311/kartik-tyagi.jpg,300.0,0.0,5.9353471118177
T. Natarajan,35,3,0.0,60.0,0,0,0,0,38,8.65,0,0,Bowler,https://www.cricbuzz.com/a/img/v1/152x152/i1/c198676/t-natarajan.jpg,780.0,160.0,18.653948065712772
Umran Malik,17,4,4.0,50.0,0,0,0,0,24,8.83,1,0,Bowler,https://www.cricbuzz.com/a/img/v1/152x152/i1/c226275/umran-malik.jpg,510.0,230.0,14.043455219925807
Yash Dayal,9,0,0.0,0.0,0,0,0,0,11,9.25,0,0,Bowler,https://www.cricbuzz.com/a/img/v1/152x152/i1/c182026/yash-dayal.jpg,240.0,0.0,4.663487016428193
Navdeep Saini,30,33,8.25,89.19,0,0,3,0,20,8.68,0,0,Bowler,https://www.cricbuzz.com/a/img/v1/152x152/i1/c226400/navdeep-saini.jpg,420.0,280.0,12.930577636459988
Alzarri Joseph,12,20,20.0,100.0,0,0,2,0,13,9.08,1,0,Bowler,https://www.cricbuzz.com/a/img/v1/152x152/i1/c244661/alzarri-joseph.jpg,270.0,330.0,10.545839957604663
Mustafizur Rahman,46,12,12.0,54.55,0,0,0,1,46,7.8,0,0,Bowler,https://www.cricbuzz.com/a/img/v1/152x152/i1/c244924/mustafizur-rahman.jpg,930.0,1970.0,50.609432962374136
Jayant Yadav,19,40,10.0,111.11,0,0,2,1,8,6.87,0,0,Bowler,https://www.cricbuzz.com/a/img/v1/152x152/i1/c226388/jayant-yadav.jpg,180.0,0.0,3.391626921038686
Tim Southee,52,120,9.23,112.15,0,0,8,4,45,8.53,0,0,Bowler,https://www.cricbuzz.com/a/img/v1/152x152/i1/c244824/tim-southee.jpg,920.0,2700.0,62.00317965023847
Kamlesh Nagarkoti,12,22,5.5,66.67,0,0,1,0,5,9.5,0,0,Bowler,https://www.cricbuzz.com/a/img/v1/152x152/i1/c226313/kamlesh-nagarkoti.jpg,120.0,0.0,2.1197668256491786
Kyle Jamieson,9,65,16.25,118.18,0,0,5,3,9,9.61,0,0,Bowler,https://www.cricbuzz.com/a/img/v1/152x152/i1/c156101/kyle-jamieson.jpg,190.0,80.0,4.87546369899311
Odean Smith,6,51,17.0,115.91,0,0,1,5,6,11.87,0,0,Bowler,https://www.cricbuzz.com/a/img/v1/152x152/i1/c244724/odean-smith.jpg,120.0,490.0,9.90990990990991
Jaydev Unadkat,91,164,13.67,123.31,0,0,13,6,91,8.79,2,0,Bowler,https://www.cricbuzz.com/a/img/v1/152x152/i1/c169793/jaydev-unadkat.jpg,1850.0,300.0,43.56120826709062
Ishant Sharma,93,55,9.17,90.16,0,0,4,2,72,8.12,1,0,Bowler,https://www.cricbuzz.com/a/img/v1/152x152/i1/c154520/ishant-sharma.jpg,1470.0,180.0,33.59830418653948
Mayank Markande,20,27,9.0,93.1,0,0,3,0,17,8.5,0,0,Bowler,https://www.cricbuzz.com/a/img/v1/152x152/i1/c226510/mayank-markande.jpg,360.0,20.0,7.525172231054585
Romario Shepherd,3,58,29.0,141.46,0,0,2,5,3,10.89,0,0,Bowler,https://www.cricbuzz.com/a/img/v1/152x152/i1/c226370/romario-shepherd.jpg,50.0,400.0,6.995230524642289
Amit Mishra,154,362,11.68,93.06,0,0,29,5,166,7.35,1,0,Bowler,https://www.cricbuzz.com/a/img/v1/152x152/i1/c153362/amit-mishra.jpg,3340.0,350.0,75.94064652888183
Mohit Sharma,86,122,8.13,104.27,0,0,8,4,92,8.45,0,0,Bowler,https://www.cricbuzz.com/a/img/v1/152x152/i1/c192642/mohit-sharma.jpg,1860.0,140.0,41.229464758876524
K.C Cariappa,11,24,8.0,114.29,0,0,0,2,8,9.67,0,0,Bowler,https://www.cricbuzz.com/a/img/v1/152x152/i1/c226502/kc-cariappa.jpg,180.0,0.0,3.391626921038686
KM Asif,3,0,0.0,0.0,0,0,0,0,4,11.39,0,0,Bowler,https://www.cricbuzz.com/a/img/v1/152x152/i1/c226409/km-asif.jpg,90.0,0.0,1.483836777954425
Murugan Ashwin,42,35,3.89,70.0,0,0,2,1,35,7.87,0,0,Bowler,https://www.cricbuzz.com/a/img/v1/152x152/i1/c226412/murugan-ashwin.jpg,720.0,0.0,14.838367779544251
Kuldeep Sen,7,0,0.0,0.0,0,0,0,0,8,9.42,0,0,Bowler,https://www.cricbuzz.com/a/img/v1/152x152/i1/c182026/kuldeep-sen.jpg,180.0,0.0,3.391626921038686
Kuldip Yadav,1,0,0.0,0.0,0,0,0,0,0,8.0,0,0,Bowler,https://www.cricbuzz.com/a/img/v1/152x152/i1/c182026/kuldip-yadav.jpg,20.0,0.0,0.0
Mohsin Khan,9,23,23.0,143.75,0,0,2,1,14,5.97,0,0,Bowler,https://www.cricbuzz.com/a/img/v1/152x152/i1/c182026/mohsin-khan.jpg,290.0,0.0,5.723370429252783
Simarjeet Singh,6,7,7.0,87.5,0,0,0,0,4,7.67,0,0,Bowler,https://www.cricbuzz.com/a/img/v1/152x152/i1/c182026/simarjeet-singh.jpg,100.0,0.0,1.695813460519343
Tushar Deshpande,7,21,21.0,175.0,0,0,2,1,4,10.62,0,0,Bowler,https://www.cricbuzz.com/a/img/v1/152x152/i1/c190903/tushar-deshpande.jpg,70.0,0.0,1.0598834128245893
Darshan Nalkande,2,0,0.0,0.0,0,0,0,0,2,11.42,0,0,Bowler,https://www.cricbuzz.com/a/img/v1/152x152/i1/c182026/darshan-nalkande.jpg,50.0,0.0,0.6359300476947536
Pradeep Sangwan,42,26,3.25,59.09,0,0,1,0,38,8.69,0,0,Bowler,https://www.cricbuzz.com/a/img/v1/152x152/i1/c153373/pradeep-sangwan.jpg,780.0,0.0,16.11022787493376
Harshit Rana,2,2,2.0,100.0,0,0,0,0,1,10.2,0,0,Bowler,https://www.cricbuzz.com/a/img/v1/152x152/i1/c182026/harshit-rana.jpg,30.0,0.0,0.21197668256491786
Khaleel Ahmed,34,1,0.2,14.29,0,0,0,0,48,8.49,0,0,Bowler,https://www.cricbuzz.com/a/img/v1/152x152/i1/c171017/khaleel-ahmed.jpg,980.0,280.0,24.80127186009539
Lungi Ngidi,14,0,0.0,0.0,0,0,0,0,25,8.3,0,0,Bowler,https://www.cricbuzz.com/a/img/v1/152x152/i1/c244772/lungi-ngidi.jpg,520.0,1190.0,29.517753047164813
Karn Sharma,68,317,15.1,115.69,0,0,18,14,59,7.91,0,0,Bowler,https://www.cricbuzz.com/a/img/v1/152x152/i1/c226391/karn-sharma.jpg,1190.0,40.0,25.43720190779014
MS Dhoni,234,4978,39.2,135.2,0,24,346,229,0,0.0,0,0,Wicket Keeper,https://www.cricbuzz.com/a/img/v1/152x152/i1/c170677/ms-dhoni.jpg,7501.0,2378.0,100.0
Rishabh Pant,98,2838,34.61,147.97,1,15,260,129,0,0.0,0,0,Wicket Keeper,https://www.cricbuzz.com/a/img/v1/152x152/i1/c244978/rishabh-pant.jpg,4487.0,1528.0,60.19078768056691
Ishan Kishan,75,1870,29.22,132.34,0,12,166,85,0,0.0,0,0,Wicket Keeper,https://www.cricbuzz.com/a/img/v1/152x152/i1/c226219/ishan-kishan.jpg,2929.0,1052.0,39.313164349959116
Dinesh Karthik,229,4376,26.85,132.65,0,20,426,134,0,0.0,0,0,Wicket Keeper,https://www.cricbuzz.com/a/img/v1/152x152/i1/c244969/dinesh-karthik.jpg,6689.0,1133.0,80.96756609430362
Lokesh Rahul,109,3889,48.01,136.22,4,31,327,164,0,0.0,0,0,Wicket Keeper,https://www.cricbuzz.com/a/img/v1/152x152/i1/c244975/kl-rahul.jpg,5796.0,3368.0,89.50667756881984
Sanju Samson,138,3526,29.14,135.72,3,17,279,158,0,0.0,0,0,Wicket Keeper,https://www.cricbuzz.com/a/img/v1/152x152/i1/c226289/sanju-samson.jpg,5365.0,466.0,61.079313164349955
Jos Buttler,82,2831,39.87,149.71,5,15,277,135,0,0.0,0,0,Wicket Keeper,https://www.cricbuzz.com/a/img/v1/152x152/i1/c244800/jos-buttler.jpg,4504.0,3977.0,80.40065412919051
Quinton De Kock,92,2764,32.14,133.91,2,19,277,106,0,0.0,0,0,Wicket Keeper,https://www.cricbuzz.com/a/img/v1/152x152/i1/c244766/quinton-de-kock.jpg,4283.0,3377.0,73.08530934859635
Nicholas Pooran,47,912,26.06,151.24,0,4,51,65,0,0.0,0,0,Wicket Keeper,https://www.cricbuzz.com/a/img/v1/152x152/i1/c244722/nicholas-pooran.jpg,1481.0,2244.0,33.273371490869444
Tom Banton,2,18,9.0,90.0,0,0,1,1,0,0.0,0,0,Wicket Keeper,https://www.cricbuzz.com/a/img/v1/152x152/i1/c180935/tom-banton.jpg,8.0,530.0,3.1997819569364947
Jonny Bairstow,39,1291,35.86,142.65,1,9,133,55,0,0.0,0,0,Wicket Keeper,https://www.cricbuzz.com/a/img/v1/152x152/i1/c170976/jonny-bairstow.jpg,2048.0,2084.0,38.14663396020714
Anuj Rawat,10,129,14.33,108.4,0,1,10,7,0,0.0,0,0,Wicket Keeper,https://www.cricbuzz.com/a/img/v1/152x152/i1/c226472/anuj-rawat.jpg,201.0,0.0,0.970291632597438
Matthew Wade,13,179,13.77,104.68,0,0,23,2,0,0.0,0,0,Wicket Keeper,https://www.cricbuzz.com/a/img/v1/152x152/i1/c244799/matthew-wade.jpg,283.0,1545.0,14.497138184791497
Wriddhiman Saha,144,2427,25.28,127.87,1,11,231,76,0,0.0,0,0,Wicket Keeper,https://www.cricbuzz.com/a/img/v1/152x152/i1/c171058/wriddhiman-saha.jpg,3682.0,0.0,38.920686835650045
Glenn Phillips,3,26,13.0,78.79,0,0,1,2,1,10.0,0,0,Wicket Keeper,https://www.cricbuzz.com/a/img/v1/152x152/i1/c244817/glenn-phillips.jpg,32.0,2069.0,16.0452439356773
Heinrich Klaasen,7,66,13.2,115.79,0,0,5,1,0,0.0,0,0,Wicket Keeper,https://www.cricbuzz.com/a/img/v1/152x152/i1/c244761/heinrich-klaasen.jpg,92.0,1058.0,8.432815481057508
N Jagadeesan,7,73,24.33,110.61,0,0,7,1,0,0.0,0,0,Wicket Keeper,https://www.cricbuzz.com/a/img/v1/152x152/i1/c182026/n-jagadeesan.jpg,112.0,0.0,0.0
Srikar Bharat,10,199,28.43,122.09,0,1,12,8,0,0.0,0,0,Wicket Keeper,https://www.cricbuzz.com/a/img/v1/152x152/i1/c226437/srikar-bharat.jpg,290.0,0.0,1.940583265194876
Jitesh Sharma,12,234,29.25,163.64,0,0,22,12,0,0.0,0,0,Wicket Keeper,https://www.cricbuzz.com/a/img/v1/152x152/i1/c226474/jitesh-sharma.jpg,409.0,0.0,3.2379394930498773
Ravindra Jadeja,210,2502,26.62,127.65,0,2,182,90,132,7.61,1,0,All Rounder,https://www.cricbuzz.com/a/img/v1/152x152/i1/c170670/ravindra-jadeja.jpg,3202.5,845.0,100.0
Andre Russell,98,2035,30.37,177.88,0,10,137,175,89,9.14,1,0,All Rounder,https://www.cricbuzz.com/a/img/v1/152x152/i1/c170821/andre-russell.jpg,2664.0,1035.5,89.64671246319922
Hardik Pandya,107,1963,30.2,147.59,0,8,146,110,50,8.75,0,0,All Rounder,https://www.cricbuzz.com/a/img/v1/152x152/i1/c244973/hardik-pandya.jpg,2061.0,1692.0,86.75171736997056
Ravichandran Ashwin,184,647,13.48,117.64,0,1,51,21,157,6.98,0,0,All Rounder,https://www.cricbuzz.com/a/img/v1/152x152/i1/c244976/ravichandran-ashwin.jpg,2063.5,865.5,70.59535492312725
Rashid Khan,92,313,11.18,151.94,0,0,20,22,112,6.38,0,0,All Rounder,https://www.cricbuzz.com/a/img/v1/152x152/i1/c244769/rashid-khan.jpg,1397.5,1504.0,65.69839712136081
Axar Patel,122,1135,19.24,128.83,0,0,67,54,101,7.25,0,0,All Rounder,https://www.cricbuzz.com/a/img/v1/152x152/i1/c244972/axar-patel.jpg,1878.5,603.5,60.61171082760877
Glenn Maxwell,110,2319,25.48,153.88,0,13,197,127,28,8.24,0,0,All Rounder,https://www.cricbuzz.com/a/img/v1/152x152/i1/c244786/glenn-maxwell.jpg,2157.0,2062.0,96.52600588812561
Wanindu Hasaranga,18,39,4.88,86.67,0,0,4,1,26,7.78,1,0,All Rounder,https://www.cricbuzz.com/a/img/v1/152x152/i1/c244676/wanindu-hasaranga.jpg,295.5,1269.5,32.25711481844946
Marcus Stoinis,67,1070,26.1,137.36,0,4,83,48,34,9.61,0,0,All Rounder,https://www.cricbuzz.com/a/img/v1/152x152/i1/c244801/marcus-stoinis.jpg,1167.5,817.0,46.19561661759896
Moeen Ali,44,910,23.33,143.99,0,5,76,53,24,6.79,0,0,All Rounder,https://www.cricbuzz.com/a/img/v1/152x152/i1/c244796/moeen-ali.jpg,988.5,1218.5,49.39156035328754
Venkatesh Iyer,22,552,27.6,120.79,0,5,54,21,3,9.2,0,0,All Rounder,https://www.cricbuzz.com/a/img/v1/152x152/i1/c226278/venkatesh-iyer.jpg,454.5,164.0,14.720314033366044
Sam Curran,32,337,22.47,149.78,0,2,30,18,32,9.21,0,0,All Rounder,https://www.cricbuzz.com/a/img/v1/152x152/i1/c244812/sam-curran.jpg,595.0,542.0,25.816159633627738
Jason Holder,38,247,13.0,124.12,0,0,13,17,49,8.57,0,0,All Rounder,https://www.cricbuzz.com/a/img/v1/152x152/i1/c244677/jason-holder.jpg,695.5,821.5,33.93195943735689
Ben Stokes,43,920,25.56,134.5,2,2,79,32,28,8.56,0,0,All Rounder,https://www.cricbuzz.com/a/img/v1/152x152/i1/c244791/ben-stokes.jpg,966.5,700.0,38.639188747137716
Shakib Al Hasan,71,793,19.82,124.49,0,2,73,21,63,7.44,0,0,All Rounder,https://www.cricbuzz.com/a/img/v1/152x152/i1/c244928/shakib-al-hasan.jpg,1230.5,2945.0,89.61072947333987
Rahul Tewatia,64,738,25.45,130.39,0,1,57,35,32,7.92,0,0,All Rounder,https://www.cricbuzz.com/a/img/v1/152x152/i1/c196288/rahul-tewatia.jpg,905.5,0.0,23.303892705266602
Shahrukh Khan,19,270,19.29,121.62,0,0,13,19,0,0.0,0,0,All Rounder,https://www.cricbuzz.com/a/img/v1/152x152/i1/c226465/shahrukh-khan.jpg,233.0,0.0,5.704939483153418
Washington Sundar,51,318,14.45,120.45,0,0,26,9,33,7.23,0,0,All Rounder,https://www.cricbuzz.com/a/img/v1/152x152/i1/c171035/washington-sundar.jpg,573.0,386.5,22.188420019627088
Krunal Pandya,98,1326,22.1,136.7,0,1,121,50,61,7.31,0,0,All Rounder,https://www.cricbuzz.com/a/img/v1/152x152/i1/c171069/krunal-pandya.jpg,1662.5,248.5,47.99149492966961
Tim David,9,187,31.17,210.11,0,0,12,16,0,0.0,0,0,All Rounder,https://www.cricbuzz.com/a/img/v1/152x152/i1/c244810/tim-david.jpg,178.0,534.0,14.746483480536474
Mitchell Marsh,29,476,22.67,123.32,0,2,28,28,24,8.01,0,0,All Rounder,https://www.cricbuzz.com/a/img/v1/152x152/i1/c244805/mitchell-marsh.jpg,610.5,972.5,34.67124631992149
Abhishek Sharma,36,667,23.82,135.29,0,2,64,25,7,8.23,0,0,All Rounder,https://www.cricbuzz.com/a/img/v1/152x152/i1/c153963/abhishek-sharma.jpg,599.0,0.0,15.282957147530258
Deepak Hooda,95,1236,20.26,132.05,0,7,77,56,10,8.61,0,0,All Rounder,https://www.cricbuzz.com/a/img/v1/152x152/i1/c244970/deepak-hooda.jpg,1007.5,353.5,32.91135099771017
Marco Jansen,10,9,3.0,90.0,0,0,0,1,9,8.39,0,0,All Rounder,https://www.cricbuzz.com/a/img/v1/152x152/i1/c244774/marco-jansen.jpg,97.5,21.0,2.5711481844946023
Shivam Dube,35,688,24.57,133.33,0,3,46,38,4,9.4,0,0,All Rounder,https://www.cricbuzz.com/a/img/v1/152x152/i1/c183291/shivam-dube.jpg,577.5,129.5,17.262021589793918
Harpreet Brar,15,106,35.33,111.58,0,0,6,5,9,7.79,0,0,All Rounder,https://www.cricbuzz.com/a/img/v1/152x152/i1/c226471/harpreet-brar.jpg,167.5,0.0,3.9908406934903504
Shahbaz Ahmed,29,279,18.6,118.72,0,0,18,11,13,8.58,0,0,All Rounder,https://www.cricbuzz.com/a/img/v1/152x152/i1/c226473/shahbaz-ahmed.jpg,343.5,0.0,8.59666339548577
David Willey,7,18,9.0,60.0,0,0,3,0,3,7.95,0,0,All Rounder,https://www.cricbuzz.com/a/img/v1/152x152/i1/c244795/david-willey.jpg,45.0,697.0,14.465161923454367
Mitchell Santner,12,54,18.0,108.0,0,0,3,3,10,6.92,0,0,All Rounder,https://www.cricbuzz.com/a/img/v1/152x152/i1/c244828/mitchell-santner.jpg,152.0,1304.0,29.178933595027807
Vijay Shankar,51,731,23.58,122.04,0,3,46,28,9,8.67,0,0,All Rounder,https://www.cricbuzz.com/a/img/v1/152x152/i1/c170664/vijay-shankar.jpg,619.0,140.0,18.554138043833824
David Wiese,15,127,31.75,141.11,0,0,12,4,16,8.68,0,0,All Rounder,https://www.cricbuzz.com/a/img/v1/152x152/i1/c244626/david-wiese.jpg,257.0,744.0,20.93555773634282
Mahipal Lomror,18,267,20.54,128.37,0,0,15,13,1,7.67,0,0,All Rounder,https://www.cricbuzz.com/a/img/v1/152x152/i1/c226541/mahipal-lomror.jpg,215.0,0.0,5.233889434085705
Daniel Sams,16,44,4.89,100.0,0,0,1,3,14,8.72,0,0,All Rounder,https://www.cricbuzz.com/a/img/v1/152x152/i1/c180315/daniel-sams.jpg,178.0,159.5,7.396140006542362
Rishi Dhawan,32,190,21.11,108.57,0,0,17,6,24,7.93,0,0,All Rounder,https://www.cricbuzz.com/a/img/v1/152x152/i1/c151723/rishi-dhawan.jpg,389.5,5.5,9.9084069349035
Piyush Chawla,165,584,11.68,111.03,0,0,54,18,157,7.88,0,0,All Rounder,https://www.cricbuzz.com/a/img/v1/152x152/i1/c152613/piyush-chawla.jpg,2029.0,40.0,53.490350016355904
Shivam Mavi,32,51,5.67,91.07,0,0,4,2,30,8.71,0,0,All Rounder,https://www.cricbuzz.com/a/img/v1/152x152/i1/c155147/shivam-mavi.jpg,339.5,104.0,10.533202486097482
Hrithik Shokeen,5,43,21.5,89.58,0,0,5,0,2,8.47,0,0,All Rounder,https://www.cricbuzz.com/a/img/v1/152x152/i1/c182026/hrithik-shokeen.jpg,49.0,0.0,0.8897612037945698
Ripal Patel,4,31,15.5,103.33,0,0,3,1,0,7.33,0,0,All Rounder,https://www.cricbuzz.com/a/img/v1/152x152/i1/c226523/ripal-patel.jpg,29.5,0.0,0.3794569839712136
Anukul Roy,3,0,0.0,0.0,0,0,0,0,2,7.33,0,0,All Rounder,https://www.cricbuzz.com/a/img/v1/152x152/i1/c153915/anukul-roy.jpg,15.0,0.0,0.0
Ayush Badoni,13,161,20.12,123.85,0,1,11,7,2,5.5,0,0,All Rounder,https://www.cricbuzz.com/a/img/v1/152x152/i1/c182026/ayush-badoni.jpg,146.0,0.0,3.4281975793261363
Krishnappa Gowtham,28,186,13.29,167.57,0,0,13,12,18,8.26,0,0,All Rounder,https://www.cricbuzz.com/a/img/v1/152x152/i1/c156045/krishnappa-gowtham.jpg,345.0,0.0,8.635917566241414
Kumar Kartikeya,4,3,3.0,60.0,0,0,0,0,5,7.85,0,0,All Rounder,https://www.cricbuzz.com/a/img/v1/152x152/i1/c182026/kumar-kartikeya.jpg,51.5,0.0,0.9551848217206411
